origin_id,destination_id,entry_cost,network_cost,exit_cost,total_cost
"18","18",,0.0000000,,
"18","19",,0.0000000,,
"18","16",,0.0000000,,
"18","17",30.1064169,58046.5619874,416.3075177,58492.9759220
"18","22",30.1064169,58046.5619874,416.3075177,58492.9759220
"18","23",30.1064169,180535.6362863,0.0000000,180565.7427032
"18","20",30.1064169,180535.6362863,0.0000000,180565.7427032
"18","21",30.1064169,180535.6362863,0.0000000,180565.7427032
"18","26",30.1064169,180535.6362863,0.0000000,180565.7427032
"18","24",30.1064169,12584.7730226,109.5902272,12724.4696667
"18","25",30.1064169,97185.8820111,45.4767248,97261.4651528
"18","2",30.1064169,97185.8820111,45.4767248,97261.4651528
"18","3",30.1064169,84536.0434525,151.5558456,84717.7057150
"18","1",30.1064169,84536.0434525,151.5558456,84717.7057150
"18","6",30.1064169,197666.3794900,352.8446337,198049.3305406
"18","7",30.1064169,296539.2567799,0.0000000,296569.3631968
"18","4",30.1064169,296539.2567799,0.0000000,296569.3631968
"18","5",30.1064169,31162.4516724,427.1574403,31619.7155296
"18","10",30.1064169,31162.4516724,427.1574403,31619.7155296
"18","11",30.1064169,139178.9382401,0.0000000,139209.0446570
"18","8",30.1064169,79460.4392851,45.2610961,79535.8067981
"18","9",30.1064169,79460.4392851,45.2610961,79535.8067981
"18","14",30.1064169,142648.6999272,0.0000000,142678.8063441
"18","15",30.1064169,267400.6413676,0.0000000,267430.7477845
"18","12",30.1064169,267400.6413676,0.0000000,267430.7477845
"18","13",30.1064169,57580.5490519,24.8670046,57635.5224734
"19","18",30.1064169,57580.5490519,24.8670046,57635.5224734
"19","19",30.1064169,0.0000000,24.8670046,57635.5224734
"19","16",30.1064169,0.0000000,24.8670046,57635.5224734
"19","17",30.1064169,0.0000000,24.8670046,57635.5224734
"19","22",30.1064169,0.0000000,24.8670046,57635.5224734
"19","23",30.1064169,0.0000000,24.8670046,57635.5224734
"19","20",30.1064169,0.0000000,24.8670046,57635.5224734
"19","21",30.1064169,0.0000000,24.8670046,57635.5224734
"19","26",30.1064169,0.0000000,24.8670046,57635.5224734
"19","24",30.1064169,0.0000000,24.8670046,57635.5224734
"19","25",30.1064169,0.0000000,24.8670046,57635.5224734
"19","2",30.1064169,0.0000000,24.8670046,57635.5224734
"19","3",30.1064169,0.0000000,24.8670046,57635.5224734
"19","1",30.1064169,0.0000000,24.8670046,57635.5224734
"19","6",30.1064169,0.0000000,24.8670046,57635.5224734
"19","7",30.1064169,0.0000000,24.8670046,57635.5224734
"19","4",30.1064169,0.0000000,24.8670046,57635.5224734
"19","5",30.1064169,0.0000000,24.8670046,57635.5224734
"19","10",30.1064169,0.0000000,24.8670046,57635.5224734
"19","11",30.1064169,0.0000000,24.8670046,57635.5224734
"19","8",30.1064169,0.0000000,24.8670046,57635.5224734
"19","9",30.1064169,0.0000000,24.8670046,57635.5224734
"19","14",30.1064169,0.0000000,24.8670046,57635.5224734
"19","15",30.1064169,0.0000000,24.8670046,57635.5224734
"19","12",30.1064169,0.0000000,24.8670046,57635.5224734
"19","13",30.1064169,0.0000000,24.8670046,57635.5224734
"16","18",30.1064169,0.0000000,24.8670046,57635.5224734
"16","19",30.1064169,0.0000000,24.8670046,57635.5224734
"16","16",30.1064169,0.0000000,24.8670046,57635.5224734
"16","17",30.1064169,0.0000000,24.8670046,57635.5224734
"16","22",30.1064169,0.0000000,24.8670046,57635.5224734
"16","23",30.1064169,0.0000000,24.8670046,57635.5224734
"16","20",30.1064169,0.0000000,24.8670046,57635.5224734
"16","21",30.1064169,0.0000000,24.8670046,57635.5224734
"16","26",30.1064169,0.0000000,24.8670046,57635.5224734
"16","24",30.1064169,0.0000000,24.8670046,57635.5224734
"16","25",30.1064169,0.0000000,24.8670046,57635.5224734
"16","2",30.1064169,0.0000000,24.8670046,57635.5224734
"16","3",30.1064169,0.0000000,24.8670046,57635.5224734
"16","1",30.1064169,0.0000000,24.8670046,57635.5224734
"16","6",30.1064169,0.0000000,24.8670046,57635.5224734
"16","7",30.1064169,0.0000000,24.8670046,57635.5224734
"16","4",30.1064169,0.0000000,24.8670046,57635.5224734
"16","5",30.1064169,0.0000000,24.8670046,57635.5224734
"16","10",30.1064169,0.0000000,24.8670046,57635.5224734
"16","11",30.1064169,0.0000000,24.8670046,57635.5224734
"16","8",30.1064169,0.0000000,24.8670046,57635.5224734
"16","9",30.1064169,0.0000000,24.8670046,57635.5224734
"16","14",30.1064169,0.0000000,24.8670046,57635.5224734
"16","15",30.1064169,0.0000000,24.8670046,57635.5224734
"16","12",30.1064169,0.0000000,24.8670046,57635.5224734
"16","13",30.1064169,0.0000000,24.8670046,57635.5224734
"17","18",416.3075177,58046.5619874,30.1064169,58492.9759220
"17","19",416.3075177,58046.5619874,30.1064169,58492.9759220
"17","16",416.3075177,58046.5619874,30.1064169,58492.9759220
"17","17",416.3075177,0.0000000,30.1064169,58492.9759220
"17","22",416.3075177,0.0000000,30.1064169,58492.9759220
"17","23",416.3075177,122489.0742989,0.0000000,122905.3818166
"17","20",416.3075177,122489.0742989,0.0000000,122905.3818166
"17","21",416.3075177,122489.0742989,0.0000000,122905.3818166
"17","26",416.3075177,122489.0742989,0.0000000,122905.3818166
"17","24",416.3075177,46642.1682468,109.5902272,47168.0659916
"17","25",416.3075177,116220.1981320,45.4767248,116681.9823745
"17","2",416.3075177,116220.1981320,45.4767248,116681.9823745
"17","3",416.3075177,87571.7765742,151.5558456,88139.6399375
"17","1",416.3075177,87571.7765742,151.5558456,88139.6399375
"17","6",416.3075177,139619.8175026,352.8446337,140388.9696540
"17","7",416.3075177,238492.6947924,0.0000000,238909.0023101
"17","4",416.3075177,238492.6947924,0.0000000,238909.0023101
"17","5",416.3075177,28177.3837523,427.1574403,29020.8487102
"17","10",416.3075177,28177.3837523,427.1574403,29020.8487102
"17","11",416.3075177,155701.7853523,0.0000000,156118.0928700
"17","8",416.3075177,98494.7554060,45.2610961,98956.3240198
"17","9",416.3075177,98494.7554060,45.2610961,98956.3240198
"17","14",416.3075177,84602.1379398,0.0000000,85018.4454575
"17","15",416.3075177,209354.0793801,0.0000000,209770.3868978
"17","12",416.3075177,209354.0793801,0.0000000,209770.3868978
"17","13",416.3075177,60616.2821736,24.8670046,61057.4566958
"22","18",416.3075177,60616.2821736,24.8670046,61057.4566958
"22","19",416.3075177,60616.2821736,24.8670046,61057.4566958
"22","16",416.3075177,60616.2821736,24.8670046,61057.4566958
"22","17",416.3075177,60616.2821736,24.8670046,61057.4566958
"22","22",416.3075177,0.0000000,24.8670046,61057.4566958
"22","23",416.3075177,0.0000000,24.8670046,61057.4566958
"22","20",416.3075177,0.0000000,24.8670046,61057.4566958
"22","21",416.3075177,0.0000000,24.8670046,61057.4566958
"22","26",416.3075177,0.0000000,24.8670046,61057.4566958
"22","24",416.3075177,0.0000000,24.8670046,61057.4566958
"22","25",416.3075177,0.0000000,24.8670046,61057.4566958
"22","2",416.3075177,0.0000000,24.8670046,61057.4566958
"22","3",416.3075177,0.0000000,24.8670046,61057.4566958
"22","1",416.3075177,0.0000000,24.8670046,61057.4566958
"22","6",416.3075177,0.0000000,24.8670046,61057.4566958
"22","7",416.3075177,0.0000000,24.8670046,61057.4566958
"22","4",416.3075177,0.0000000,24.8670046,61057.4566958
"22","5",416.3075177,0.0000000,24.8670046,61057.4566958
"22","10",416.3075177,0.0000000,24.8670046,61057.4566958
"22","11",416.3075177,0.0000000,24.8670046,61057.4566958
"22","8",416.3075177,0.0000000,24.8670046,61057.4566958
"22","9",416.3075177,0.0000000,24.8670046,61057.4566958
"22","14",416.3075177,0.0000000,24.8670046,61057.4566958
"22","15",416.3075177,0.0000000,24.8670046,61057.4566958
"22","12",416.3075177,0.0000000,24.8670046,61057.4566958
"22","13",416.3075177,0.0000000,24.8670046,61057.4566958
"23","18",0.0000000,180535.6362863,30.1064169,180565.7427032
"23","19",0.0000000,180535.6362863,30.1064169,180565.7427032
"23","16",0.0000000,180535.6362863,30.1064169,180565.7427032
"23","17",0.0000000,122489.0742989,416.3075177,122905.3818166
"23","22",0.0000000,122489.0742989,416.3075177,122905.3818166
"23","23",0.0000000,0.0000000,416.3075177,122905.3818166
"23","20",0.0000000,0.0000000,416.3075177,122905.3818166
"23","21",0.0000000,0.0000000,416.3075177,122905.3818166
"23","26",0.0000000,0.0000000,416.3075177,122905.3818166
"23","24",0.0000000,169131.2425457,109.5902272,169240.8327728
"23","25",0.0000000,238709.2724309,45.4767248,238754.7491557
"23","2",0.0000000,238709.2724309,45.4767248,238754.7491557
"23","3",0.0000000,210060.8508730,151.5558456,210212.4067187
"23","1",0.0000000,210060.8508730,151.5558456,210212.4067187
"23","6",0.0000000,136922.4164301,352.8446337,137275.2610639
"23","7",0.0000000,269007.3376847,0.0000000,269007.3376847
"23","4",0.0000000,269007.3376847,0.0000000,269007.3376847
"23","5",0.0000000,150666.4580511,427.1574403,151093.6154914
"23","10",0.0000000,150666.4580511,427.1574403,151093.6154914
"23","11",0.0000000,278190.8596512,0.0000000,278190.8596512
"23","8",0.0000000,220983.8297049,45.2610961,221029.0908010
"23","9",0.0000000,220983.8297049,45.2610961,221029.0908010
"23","14",0.0000000,120739.5033666,0.0000000,120739.5033666
"23","15",0.0000000,90500.0815406,0.0000000,90500.0815406
"23","12",0.0000000,90500.0815406,0.0000000,90500.0815406
"23","13",0.0000000,183105.3564725,24.8670046,183130.2234771
"20","18",0.0000000,183105.3564725,24.8670046,183130.2234771
"20","19",0.0000000,183105.3564725,24.8670046,183130.2234771
"20","16",0.0000000,183105.3564725,24.8670046,183130.2234771
"20","17",0.0000000,183105.3564725,24.8670046,183130.2234771
"20","22",0.0000000,183105.3564725,24.8670046,183130.2234771
"20","23",0.0000000,183105.3564725,24.8670046,183130.2234771
"20","20",0.0000000,0.0000000,24.8670046,183130.2234771
"20","21",0.0000000,0.0000000,24.8670046,183130.2234771
"20","26",0.0000000,0.0000000,24.8670046,183130.2234771
"20","24",0.0000000,0.0000000,24.8670046,183130.2234771
"20","25",0.0000000,0.0000000,24.8670046,183130.2234771
"20","2",0.0000000,0.0000000,24.8670046,183130.2234771
"20","3",0.0000000,0.0000000,24.8670046,183130.2234771
"20","1",0.0000000,0.0000000,24.8670046,183130.2234771
"20","6",0.0000000,0.0000000,24.8670046,183130.2234771
"20","7",0.0000000,0.0000000,24.8670046,183130.2234771
"20","4",0.0000000,0.0000000,24.8670046,183130.2234771
"20","5",0.0000000,0.0000000,24.8670046,183130.2234771
"20","10",0.0000000,0.0000000,24.8670046,183130.2234771
"20","11",0.0000000,0.0000000,24.8670046,183130.2234771
"20","8",0.0000000,0.0000000,24.8670046,183130.2234771
"20","9",0.0000000,0.0000000,24.8670046,183130.2234771
"20","14",0.0000000,0.0000000,24.8670046,183130.2234771
"20","15",0.0000000,0.0000000,24.8670046,183130.2234771
"20","12",0.0000000,0.0000000,24.8670046,183130.2234771
"20","13",0.0000000,0.0000000,24.8670046,183130.2234771
"21","18",0.0000000,0.0000000,24.8670046,183130.2234771
"21","19",0.0000000,0.0000000,24.8670046,183130.2234771
"21","16",0.0000000,0.0000000,24.8670046,183130.2234771
"21","17",0.0000000,0.0000000,24.8670046,183130.2234771
"21","22",0.0000000,0.0000000,24.8670046,183130.2234771
"21","23",0.0000000,0.0000000,24.8670046,183130.2234771
"21","20",0.0000000,0.0000000,24.8670046,183130.2234771
"21","21",0.0000000,0.0000000,24.8670046,183130.2234771
"21","26",0.0000000,0.0000000,24.8670046,183130.2234771
"21","24",0.0000000,0.0000000,24.8670046,183130.2234771
"21","25",0.0000000,0.0000000,24.8670046,183130.2234771
"21","2",236.5110302,23333.2266189,0.0000000,23569.7376492
"21","3",236.5110302,23333.2266189,0.0000000,23569.7376492
"21","1",236.5110302,23333.2266189,0.0000000,23569.7376492
"21","6",236.5110302,23333.2266189,0.0000000,23569.7376492
"21","7",236.5110302,23333.2266189,0.0000000,23569.7376492
"21","4",236.5110302,23333.2266189,0.0000000,23569.7376492
"21","5",236.5110302,23333.2266189,0.0000000,23569.7376492
"21","10",236.5110302,23333.2266189,0.0000000,23569.7376492
"21","11",236.5110302,23333.2266189,0.0000000,23569.7376492
"21","8",236.5110302,23333.2266189,0.0000000,23569.7376492
"21","9",236.5110302,48706.2774533,0.0000000,48942.7884835
"21","14",236.5110302,48706.2774533,0.0000000,48942.7884835
"21","15",236.5110302,48706.2774533,0.0000000,48942.7884835
"21","12",236.5110302,35406.1475369,101.0375546,35743.6961217
"21","13",236.5110302,35406.1475369,101.0375546,35743.6961217
"26","18",236.5110302,35406.1475369,101.0375546,35743.6961217
"26","19",236.5110302,35406.1475369,101.0375546,35743.6961217
"26","16",236.5110302,35406.1475369,101.0375546,35743.6961217
"26","17",236.5110302,35406.1475369,101.0375546,35743.6961217
"26","22",236.5110302,35406.1475369,101.0375546,35743.6961217
"26","23",236.5110302,35406.1475369,101.0375546,35743.6961217
"26","20",236.5110302,35406.1475369,101.0375546,35743.6961217
"26","21",236.5110302,35406.1475369,101.0375546,35743.6961217
"26","26",236.5110302,0.0000000,101.0375546,35743.6961217
"26","24",236.5110302,0.0000000,101.0375546,35743.6961217
"26","25",236.5110302,0.0000000,101.0375546,35743.6961217
"26","2",236.5110302,0.0000000,101.0375546,35743.6961217
"26","3",236.5110302,0.0000000,101.0375546,35743.6961217
"26","1",236.5110302,0.0000000,101.0375546,35743.6961217
"26","6",236.5110302,0.0000000,101.0375546,35743.6961217
"26","7",236.5110302,0.0000000,101.0375546,35743.6961217
"26","4",236.5110302,0.0000000,101.0375546,35743.6961217
"26","5",236.5110302,0.0000000,101.0375546,35743.6961217
"26","10",236.5110302,0.0000000,101.0375546,35743.6961217
"26","11",236.5110302,0.0000000,101.0375546,35743.6961217
"26","8",236.5110302,0.0000000,101.0375546,35743.6961217
"26","9",236.5110302,0.0000000,101.0375546,35743.6961217
"26","14",236.5110302,0.0000000,101.0375546,35743.6961217
"26","15",236.5110302,0.0000000,101.0375546,35743.6961217
"26","12",236.5110302,0.0000000,101.0375546,35743.6961217
"26","13",236.5110302,0.0000000,101.0375546,35743.6961217
"24","18",109.5902272,12584.7730226,30.1064169,12724.4696667
"24","19",109.5902272,12584.7730226,30.1064169,12724.4696667
"24","16",109.5902272,12584.7730226,30.1064169,12724.4696667
"24","17",109.5902272,46642.1682468,416.3075177,47168.0659916
"24","22",109.5902272,46642.1682468,416.3075177,47168.0659916
"24","23",109.5902272,169131.2425457,0.0000000,169240.8327728
"24","20",109.5902272,169131.2425457,0.0000000,169240.8327728
"24","21",109.5902272,169131.2425457,0.0000000,169240.8327728
"24","26",109.5902272,169131.2425457,0.0000000,169240.8327728
"24","24",109.5902272,0.0000000,0.0000000,169240.8327728
"24","25",109.5902272,85781.4882704,45.4767248,85936.5552224
"24","2",109.5902272,85781.4882704,45.4767248,85936.5552224
"24","3",109.5902272,73131.6497119,151.5558456,73392.7957847
"24","1",109.5902272,73131.6497119,151.5558456,73392.7957847
"24","6",109.5902272,186261.9857494,352.8446337,186724.4206102
"24","7",109.5902272,285134.8630392,0.0000000,285244.4532664
"24","4",109.5902272,285134.8630392,0.0000000,285244.4532664
"24","5",109.5902272,19758.0579318,427.1574403,20294.8055992
"24","10",109.5902272,19758.0579318,427.1574403,20294.8055992
"24","11",109.5902272,128859.0494429,0.0000000,128968.6396700
"24","8",109.5902272,68056.0455444,45.2610961,68210.8968677
"24","9",109.5902272,68056.0455444,45.2610961,68210.8968677
"24","14",109.5902272,131244.3061866,0.0000000,131353.8964138
"24","15",109.5902272,255996.2476269,0.0000000,256105.8378541
"24","12",109.5902272,255996.2476269,0.0000000,256105.8378541
"24","13",109.5902272,46176.1553113,24.8670046,46310.6125430
"25","18",45.4767248,97185.8820111,30.1064169,97261.4651528
"25","19",45.4767248,97185.8820111,30.1064169,97261.4651528
"25","16",45.4767248,97185.8820111,30.1064169,97261.4651528
"25","17",45.4767248,116220.1981320,416.3075177,116681.9823745
"25","22",45.4767248,116220.1981320,416.3075177,116681.9823745
"25","23",45.4767248,238709.2724309,0.0000000,238754.7491557
"25","20",45.4767248,238709.2724309,0.0000000,238754.7491557
"25","21",45.4767248,238709.2724309,0.0000000,238754.7491557
"25","26",45.4767248,238709.2724309,0.0000000,238754.7491557
"25","24",45.4767248,85781.4882704,109.5902272,85936.5552224
"25","25",45.4767248,0.0000000,109.5902272,85936.5552224
"25","2",45.4767248,0.0000000,109.5902272,85936.5552224
"25","3",45.4767248,80036.1856723,151.5558456,80233.2182428
"25","1",45.4767248,80036.1856723,151.5558456,80233.2182428
"25","6",45.4767248,255840.0156346,352.8446337,256238.3369931
"25","7",45.4767248,216687.2660525,0.0000000,216732.7427774
"25","4",45.4767248,216687.2660525,0.0000000,216732.7427774
"25","5",45.4767248,98407.7192405,427.1574403,98880.3534056
"25","10",45.4767248,98407.7192405,427.1574403,98880.3534056
"25","11",45.4767248,53441.4251332,0.0000000,53486.9018581
"25","8",45.4767248,17725.4427260,45.2610961,17816.1805470
"25","9",45.4767248,17725.4427260,45.2610961,17816.1805470
"25","14",45.4767248,200822.3360718,0.0000000,200867.8127966
"25","15",45.4767248,325574.2775121,0.0000000,325619.7542370
"25","12",45.4767248,325574.2775121,0.0000000,325619.7542370
"25","13",45.4767248,63097.8528208,24.8670046,63168.1965502
"2","18",45.4767248,63097.8528208,24.8670046,63168.1965502
"2","19",45.4767248,63097.8528208,24.8670046,63168.1965502
"2","16",45.4767248,63097.8528208,24.8670046,63168.1965502
"2","17",45.4767248,63097.8528208,24.8670046,63168.1965502
"2","22",45.4767248,63097.8528208,24.8670046,63168.1965502
"2","23",45.4767248,63097.8528208,24.8670046,63168.1965502
"2","20",45.4767248,63097.8528208,24.8670046,63168.1965502
"2","21",0.0000000,23333.2266189,236.5110302,23569.7376492
"2","26",0.0000000,23333.2266189,236.5110302,23569.7376492
"2","24",0.0000000,23333.2266189,236.5110302,23569.7376492
"2","25",0.0000000,23333.2266189,236.5110302,23569.7376492
"2","2",0.0000000,0.0000000,236.5110302,23569.7376492
"2","3",0.0000000,0.0000000,236.5110302,23569.7376492
"2","1",0.0000000,0.0000000,236.5110302,23569.7376492
"2","6",0.0000000,0.0000000,236.5110302,23569.7376492
"2","7",0.0000000,0.0000000,236.5110302,23569.7376492
"2","4",0.0000000,0.0000000,236.5110302,23569.7376492
"2","5",0.0000000,0.0000000,236.5110302,23569.7376492
"2","10",0.0000000,0.0000000,236.5110302,23569.7376492
"2","11",0.0000000,0.0000000,236.5110302,23569.7376492
"2","8",0.0000000,0.0000000,236.5110302,23569.7376492
"2","9",0.0000000,42593.9828433,0.0000000,42593.9828433
"2","14",0.0000000,42593.9828433,0.0000000,42593.9828433
"2","15",0.0000000,42593.9828433,0.0000000,42593.9828433
"2","12",0.0000000,29222.6561784,101.0375546,29323.6937330
"2","13",0.0000000,29222.6561784,101.0375546,29323.6937330
"3","18",151.5558456,84536.0434525,30.1064169,84717.7057150
"3","19",151.5558456,84536.0434525,30.1064169,84717.7057150
"3","16",151.5558456,84536.0434525,30.1064169,84717.7057150
"3","17",151.5558456,87571.7765742,416.3075177,88139.6399375
"3","22",151.5558456,87571.7765742,416.3075177,88139.6399375
"3","23",151.5558456,210060.8508730,0.0000000,210212.4067187
"3","20",151.5558456,210060.8508730,0.0000000,210212.4067187
"3","21",151.5558456,210060.8508730,0.0000000,210212.4067187
"3","26",151.5558456,210060.8508730,0.0000000,210212.4067187
"3","24",151.5558456,73131.6497119,109.5902272,73392.7957847
"3","25",151.5558456,80036.1856723,45.4767248,80233.2182428
"3","2",151.5558456,80036.1856723,45.4767248,80233.2182428
"3","3",151.5558456,0.0000000,45.4767248,80233.2182428
"3","1",151.5558456,0.0000000,45.4767248,80233.2182428
"3","6",151.5558456,227191.5940767,352.8446337,227695.9945561
"3","7",151.5558456,287403.6106173,0.0000000,287555.1664630
"3","4",151.5558456,287403.6106173,0.0000000,287555.1664630
"3","5",151.5558456,69759.2976827,427.1574403,70338.0109686
"3","10",151.5558456,69759.2976827,427.1574403,70338.0109686
"3","11",151.5558456,124157.7696980,0.0000000,124309.3255436
"3","8",151.5558456,62310.7429463,45.2610961,62507.5598880
"3","9",151.5558456,62310.7429463,45.2610961,62507.5598880
"3","14",151.5558456,172173.9145140,0.0000000,172325.4703596
"3","15",151.5558456,296925.8559543,0.0000000,297077.4117999
"3","12",151.5558456,296925.8559543,0.0000000,297077.4117999
"3","13",151.5558456,34318.7728622,24.8670046,34495.1957124
"1","18",151.5558456,34318.7728622,24.8670046,34495.1957124
"1","19",151.5558456,34318.7728622,24.8670046,34495.1957124
"1","16",151.5558456,34318.7728622,24.8670046,34495.1957124
"1","17",151.5558456,34318.7728622,24.8670046,34495.1957124
"1","22",151.5558456,34318.7728622,24.8670046,34495.1957124
"1","23",151.5558456,34318.7728622,24.8670046,34495.1957124
"1","20",151.5558456,34318.7728622,24.8670046,34495.1957124
"1","21",0.0000000,23333.2266189,236.5110302,23569.7376492
"1","26",0.0000000,23333.2266189,236.5110302,23569.7376492
"1","24",0.0000000,23333.2266189,236.5110302,23569.7376492
"1","25",0.0000000,23333.2266189,236.5110302,23569.7376492
"1","2",0.0000000,23333.2266189,236.5110302,23569.7376492
"1","3",0.0000000,23333.2266189,236.5110302,23569.7376492
"1","1",0.0000000,0.0000000,236.5110302,23569.7376492
"1","6",0.0000000,0.0000000,236.5110302,23569.7376492
"1","7",0.0000000,0.0000000,236.5110302,23569.7376492
"1","4",0.0000000,0.0000000,236.5110302,23569.7376492
"1","5",0.0000000,0.0000000,236.5110302,23569.7376492
"1","10",0.0000000,0.0000000,236.5110302,23569.7376492
"1","11",0.0000000,0.0000000,236.5110302,23569.7376492
"1","8",0.0000000,0.0000000,236.5110302,23569.7376492
"1","9",0.0000000,42593.9828433,0.0000000,42593.9828433
"1","14",0.0000000,42593.9828433,0.0000000,42593.9828433
"1","15",0.0000000,42593.9828433,0.0000000,42593.9828433
"1","12",0.0000000,29222.6561784,101.0375546,29323.6937330
"1","13",0.0000000,29222.6561784,101.0375546,29323.6937330
"6","18",352.8446337,197666.3794900,30.1064169,198049.3305406
"6","19",352.8446337,197666.3794900,30.1064169,198049.3305406
"6","16",352.8446337,197666.3794900,30.1064169,198049.3305406
"6","17",352.8446337,139619.8175026,416.3075177,140388.9696540
"6","22",352.8446337,139619.8175026,416.3075177,140388.9696540
"6","23",352.8446337,136922.4164301,0.0000000,137275.2610639
"6","20",352.8446337,136922.4164301,0.0000000,137275.2610639
"6","21",352.8446337,136922.4164301,0.0000000,137275.2610639
"6","26",352.8446337,136922.4164301,0.0000000,137275.2610639
"6","24",352.8446337,186261.9857494,109.5902272,186724.4206102
"6","25",352.8446337,255840.0156346,45.4767248,256238.3369931
"6","2",352.8446337,255840.0156346,45.4767248,256238.3369931
"6","3",352.8446337,227191.5940767,151.5558456,227695.9945561
"6","1",352.8446337,227191.5940767,151.5558456,227695.9945561
"6","6",352.8446337,0.0000000,151.5558456,227695.9945561
"6","7",352.8446337,291760.8034230,0.0000000,292113.6480567
"6","4",352.8446337,291760.8034230,0.0000000,292113.6480567
"6","5",352.8446337,167797.2012548,427.1574403,168577.2033288
"6","10",352.8446337,167797.2012548,427.1574403,168577.2033288
"6","11",352.8446337,295321.6028549,0.0000000,295674.4474886
"6","8",352.8446337,238114.5729086,45.2610961,238512.6786384
"6","9",352.8446337,238114.5729086,45.2610961,238512.6786384
"6","14",352.8446337,137870.2465703,0.0000000,138223.0912040
"6","15",352.8446337,223787.4215114,0.0000000,224140.2661451
"6","12",352.8446337,223787.4215114,0.0000000,224140.2661451
"6","13",352.8446337,200236.0996762,24.8670046,200613.8113145
"7","18",0.0000000,296539.2567799,30.1064169,296569.3631968
"7","19",0.0000000,296539.2567799,30.1064169,296569.3631968
"7","16",0.0000000,296539.2567799,30.1064169,296569.3631968
"7","17",0.0000000,238492.6947924,416.3075177,238909.0023101
"7","22",0.0000000,238492.6947924,416.3075177,238909.0023101
"7","23",0.0000000,269007.3376847,0.0000000,269007.3376847
"7","20",0.0000000,269007.3376847,0.0000000,269007.3376847
"7","21",0.0000000,269007.3376847,0.0000000,269007.3376847
"7","26",0.0000000,269007.3376847,0.0000000,269007.3376847
"7","24",0.0000000,285134.8630392,109.5902272,285244.4532664
"7","25",0.0000000,216687.2660525,45.4767248,216732.7427774
"7","2",0.0000000,216687.2660525,45.4767248,216732.7427774
"7","3",0.0000000,287403.6106173,151.5558456,287555.1664630
"7","1",0.0000000,287403.6106173,151.5558456,287555.1664630
"7","6",0.0000000,291760.8034230,352.8446337,292113.6480567
"7","7",0.0000000,0.0000000,352.8446337,292113.6480567
"7","4",0.0000000,0.0000000,352.8446337,292113.6480567
"7","5",0.0000000,266670.0785447,427.1574403,267097.2359850
"7","10",0.0000000,266670.0785447,427.1574403,267097.2359850
"7","11",0.0000000,165218.4989697,0.0000000,165218.4989697
"7","8",0.0000000,225092.8676710,45.2610961,225138.1287672
"7","9",0.0000000,225092.8676710,45.2610961,225138.1287672
"7","14",0.0000000,161253.3051976,0.0000000,161253.3051976
"7","15",0.0000000,279745.5085352,0.0000000,279745.5085352
"7","12",0.0000000,279745.5085352,0.0000000,279745.5085352
"7","13",0.0000000,270465.2777658,24.8670046,270490.1447704
"4","18",0.0000000,270465.2777658,24.8670046,270490.1447704
"4","19",0.0000000,270465.2777658,24.8670046,270490.1447704
"4","16",0.0000000,270465.2777658,24.8670046,270490.1447704
"4","17",0.0000000,270465.2777658,24.8670046,270490.1447704
"4","22",0.0000000,270465.2777658,24.8670046,270490.1447704
"4","23",0.0000000,270465.2777658,24.8670046,270490.1447704
"4","20",0.0000000,270465.2777658,24.8670046,270490.1447704
"4","21",0.0000000,270465.2777658,24.8670046,270490.1447704
"4","26",0.0000000,270465.2777658,24.8670046,270490.1447704
"4","24",0.0000000,270465.2777658,24.8670046,270490.1447704
"4","25",0.0000000,270465.2777658,24.8670046,270490.1447704
"4","2",0.0000000,270465.2777658,24.8670046,270490.1447704
"4","3",0.0000000,270465.2777658,24.8670046,270490.1447704
"4","1",0.0000000,270465.2777658,24.8670046,270490.1447704
"4","6",0.0000000,270465.2777658,24.8670046,270490.1447704
"4","7",0.0000000,270465.2777658,24.8670046,270490.1447704
"4","4",0.0000000,0.0000000,24.8670046,270490.1447704
"4","5",0.0000000,0.0000000,24.8670046,270490.1447704
"4","10",0.0000000,0.0000000,24.8670046,270490.1447704
"4","11",0.0000000,0.0000000,24.8670046,270490.1447704
"4","8",0.0000000,0.0000000,24.8670046,270490.1447704
"4","9",0.0000000,0.0000000,24.8670046,270490.1447704
"4","14",0.0000000,0.0000000,24.8670046,270490.1447704
"4","15",0.0000000,0.0000000,24.8670046,270490.1447704
"4","12",0.0000000,0.0000000,24.8670046,270490.1447704
"4","13",0.0000000,0.0000000,24.8670046,270490.1447704
"5","18",427.1574403,31162.4516724,30.1064169,31619.7155296
"5","19",427.1574403,31162.4516724,30.1064169,31619.7155296
"5","16",427.1574403,31162.4516724,30.1064169,31619.7155296
"5","17",427.1574403,28177.3837523,416.3075177,29020.8487102
"5","22",427.1574403,28177.3837523,416.3075177,29020.8487102
"5","23",427.1574403,150666.4580511,0.0000000,151093.6154914
"5","20",427.1574403,150666.4580511,0.0000000,151093.6154914
"5","21",427.1574403,150666.4580511,0.0000000,151093.6154914
"5","26",427.1574403,150666.4580511,0.0000000,151093.6154914
"5","24",427.1574403,19758.0579318,109.5902272,20294.8055992
"5","25",427.1574403,98407.7192405,45.4767248,98880.3534056
"5","2",427.1574403,98407.7192405,45.4767248,98880.3534056
"5","3",427.1574403,69759.2976827,151.5558456,70338.0109686
"5","1",427.1574403,69759.2976827,151.5558456,70338.0109686
"5","6",427.1574403,167797.2012548,352.8446337,168577.2033288
"5","7",427.1574403,266670.0785447,0.0000000,267097.2359850
"5","4",427.1574403,266670.0785447,0.0000000,267097.2359850
"5","5",427.1574403,0.0000000,0.0000000,267097.2359850
"5","10",427.1574403,0.0000000,0.0000000,267097.2359850
"5","11",427.1574403,133424.7330471,0.0000000,133851.8904874
"5","8",427.1574403,80682.2765145,45.2610961,81154.6950509
"5","9",427.1574403,80682.2765145,45.2610961,81154.6950509
"5","14",427.1574403,112779.5216921,0.0000000,113206.6791323
"5","15",427.1574403,237531.4631324,0.0000000,237958.6205727
"5","12",427.1574403,237531.4631324,0.0000000,237958.6205727
"5","13",427.1574403,42803.8032821,24.8670046,43255.8277270
"10","18",427.1574403,42803.8032821,24.8670046,43255.8277270
"10","19",427.1574403,42803.8032821,24.8670046,43255.8277270
"10","16",427.1574403,42803.8032821,24.8670046,43255.8277270
"10","17",427.1574403,42803.8032821,24.8670046,43255.8277270
"10","22",427.1574403,42803.8032821,24.8670046,43255.8277270
"10","23",427.1574403,42803.8032821,24.8670046,43255.8277270
"10","20",427.1574403,42803.8032821,24.8670046,43255.8277270
"10","21",427.1574403,42803.8032821,24.8670046,43255.8277270
"10","26",427.1574403,42803.8032821,24.8670046,43255.8277270
"10","24",427.1574403,42803.8032821,24.8670046,43255.8277270
"10","25",427.1574403,42803.8032821,24.8670046,43255.8277270
"10","2",427.1574403,42803.8032821,24.8670046,43255.8277270
"10","3",427.1574403,42803.8032821,24.8670046,43255.8277270
"10","1",427.1574403,42803.8032821,24.8670046,43255.8277270
"10","6",427.1574403,42803.8032821,24.8670046,43255.8277270
"10","7",427.1574403,42803.8032821,24.8670046,43255.8277270
"10","4",427.1574403,42803.8032821,24.8670046,43255.8277270
"10","5",427.1574403,42803.8032821,24.8670046,43255.8277270
"10","10",427.1574403,0.0000000,24.8670046,43255.8277270
"10","11",427.1574403,0.0000000,24.8670046,43255.8277270
"10","8",427.1574403,0.0000000,24.8670046,43255.8277270
"10","9",427.1574403,0.0000000,24.8670046,43255.8277270
"10","14",427.1574403,0.0000000,24.8670046,43255.8277270
"10","15",427.1574403,0.0000000,24.8670046,43255.8277270
"10","12",427.1574403,0.0000000,24.8670046,43255.8277270
"10","13",427.1574403,0.0000000,24.8670046,43255.8277270
"11","18",0.0000000,139178.9382401,30.1064169,139209.0446570
"11","19",0.0000000,139178.9382401,30.1064169,139209.0446570
"11","16",0.0000000,139178.9382401,30.1064169,139209.0446570
"11","17",0.0000000,155701.7853523,416.3075177,156118.0928700
"11","22",0.0000000,155701.7853523,416.3075177,156118.0928700
"11","23",0.0000000,278190.8596512,0.0000000,278190.8596512
"11","20",0.0000000,278190.8596512,0.0000000,278190.8596512
"11","21",0.0000000,278190.8596512,0.0000000,278190.8596512
"11","26",0.0000000,278190.8596512,0.0000000,278190.8596512
"11","24",0.0000000,128859.0494429,109.5902272,128968.6396700
"11","25",0.0000000,53441.4251332,45.4767248,53486.9018581
"11","2",0.0000000,53441.4251332,45.4767248,53486.9018581
"11","3",0.0000000,124157.7696980,151.5558456,124309.3255436
"11","1",0.0000000,124157.7696980,151.5558456,124309.3255436
"11","6",0.0000000,295321.6028549,352.8446337,295674.4474886
"11","7",0.0000000,165218.4989697,0.0000000,165218.4989697
"11","4",0.0000000,165218.4989697,0.0000000,165218.4989697
"11","5",0.0000000,133424.7330471,427.1574403,133851.8904874
"11","10",0.0000000,133424.7330471,427.1574403,133851.8904874
"11","11",0.0000000,0.0000000,427.1574403,133851.8904874
"11","8",0.0000000,61847.0267517,45.2610961,61892.2878479
"11","9",0.0000000,61847.0267517,45.2610961,61892.2878479
"11","14",0.0000000,240303.9232921,0.0000000,240303.9232921
"11","15",0.0000000,365055.8647325,0.0000000,365055.8647325
"11","12",0.0000000,365055.8647325,0.0000000,365055.8647325
"11","13",0.0000000,107219.4368465,24.8670046,107244.3038510
"8","18",45.2610961,79460.4392851,30.1064169,79535.8067981
"8","19",45.2610961,79460.4392851,30.1064169,79535.8067981
"8","16",45.2610961,79460.4392851,30.1064169,79535.8067981
"8","17",45.2610961,98494.7554060,416.3075177,98956.3240198
"8","22",45.2610961,98494.7554060,416.3075177,98956.3240198
"8","23",45.2610961,220983.8297049,0.0000000,221029.0908010
"8","20",45.2610961,220983.8297049,0.0000000,221029.0908010
"8","21",45.2610961,220983.8297049,0.0000000,221029.0908010
"8","26",45.2610961,220983.8297049,0.0000000,221029.0908010
"8","24",45.2610961,68056.0455444,109.5902272,68210.8968677
"8","25",45.2610961,17725.4427260,45.4767248,17816.1805470
"8","2",45.2610961,17725.4427260,45.4767248,17816.1805470
"8","3",45.2610961,62310.7429463,151.5558456,62507.5598880
"8","1",45.2610961,62310.7429463,151.5558456,62507.5598880
"8","6",45.2610961,238114.5729086,352.8446337,238512.6786384
"8","7",45.2610961,225092.8676710,0.0000000,225138.1287672
"8","4",45.2610961,225092.8676710,0.0000000,225138.1287672
"8","5",45.2610961,80682.2765145,427.1574403,81154.6950509
"8","10",45.2610961,80682.2765145,427.1574403,81154.6950509
"8","11",45.2610961,61847.0267517,0.0000000,61892.2878479
"8","8",45.2610961,0.0000000,0.0000000,61892.2878479
"8","9",45.2610961,0.0000000,0.0000000,61892.2878479
"8","14",45.2610961,183096.8933458,0.0000000,183142.1544419
"8","15",45.2610961,307848.8347861,0.0000000,307894.0958822
"8","12",45.2610961,307848.8347861,0.0000000,307894.0958822
"8","13",45.2610961,45372.4100947,24.8670046,45442.5381954
"9","18",45.2610961,45372.4100947,24.8670046,45442.5381954
"9","19",45.2610961,45372.4100947,24.8670046,45442.5381954
"9","16",45.2610961,45372.4100947,24.8670046,45442.5381954
"9","17",45.2610961,45372.4100947,24.8670046,45442.5381954
"9","22",45.2610961,45372.4100947,24.8670046,45442.5381954
"9","23",45.2610961,45372.4100947,24.8670046,45442.5381954
"9","20",45.2610961,45372.4100947,24.8670046,45442.5381954
"9","21",0.0000000,48706.2774533,236.5110302,48942.7884835
"9","26",0.0000000,48706.2774533,236.5110302,48942.7884835
"9","24",0.0000000,48706.2774533,236.5110302,48942.7884835
"9","25",0.0000000,48706.2774533,236.5110302,48942.7884835
"9","2",0.0000000,42593.9828433,0.0000000,42593.9828433
"9","3",0.0000000,42593.9828433,0.0000000,42593.9828433
"9","1",0.0000000,42593.9828433,0.0000000,42593.9828433
"9","6",0.0000000,42593.9828433,0.0000000,42593.9828433
"9","7",0.0000000,42593.9828433,0.0000000,42593.9828433
"9","4",0.0000000,42593.9828433,0.0000000,42593.9828433
"9","5",0.0000000,42593.9828433,0.0000000,42593.9828433
"9","10",0.0000000,42593.9828433,0.0000000,42593.9828433
"9","11",0.0000000,42593.9828433,0.0000000,42593.9828433
"9","8",0.0000000,42593.9828433,0.0000000,42593.9828433
"9","9",0.0000000,0.0000000,0.0000000,42593.9828433
"9","14",0.0000000,0.0000000,0.0000000,42593.9828433
"9","15",0.0000000,0.0000000,0.0000000,42593.9828433
"9","12",0.0000000,13371.3266649,101.0375546,13472.3642195
"9","13",0.0000000,13371.3266649,101.0375546,13472.3642195
"14","18",0.0000000,142648.6999272,30.1064169,142678.8063441
"14","19",0.0000000,142648.6999272,30.1064169,142678.8063441
"14","16",0.0000000,142648.6999272,30.1064169,142678.8063441
"14","17",0.0000000,84602.1379398,416.3075177,85018.4454575
"14","22",0.0000000,84602.1379398,416.3075177,85018.4454575
"14","23",0.0000000,120739.5033666,0.0000000,120739.5033666
"14","20",0.0000000,120739.5033666,0.0000000,120739.5033666
"14","21",0.0000000,120739.5033666,0.0000000,120739.5033666
"14","26",0.0000000,120739.5033666,0.0000000,120739.5033666
"14","24",0.0000000,131244.3061866,109.5902272,131353.8964138
"14","25",0.0000000,200822.3360718,45.4767248,200867.8127966
"14","2",0.0000000,200822.3360718,45.4767248,200867.8127966
"14","3",0.0000000,172173.9145140,151.5558456,172325.4703596
"14","1",0.0000000,172173.9145140,151.5558456,172325.4703596
"14","6",0.0000000,137870.2465703,352.8446337,138223.0912040
"14","7",0.0000000,161253.3051976,0.0000000,161253.3051976
"14","4",0.0000000,161253.3051976,0.0000000,161253.3051976
"14","5",0.0000000,112779.5216921,427.1574403,113206.6791323
"14","10",0.0000000,112779.5216921,427.1574403,113206.6791323
"14","11",0.0000000,240303.9232921,0.0000000,240303.9232921
"14","8",0.0000000,183096.8933458,45.2610961,183142.1544419
"14","9",0.0000000,183096.8933458,45.2610961,183142.1544419
"14","14",0.0000000,0.0000000,45.2610961,183142.1544419
"14","15",0.0000000,207604.5084479,0.0000000,207604.5084479
"14","12",0.0000000,207604.5084479,0.0000000,207604.5084479
"14","13",0.0000000,145218.4201134,24.8670046,145243.2871180
"15","18",0.0000000,267400.6413676,30.1064169,267430.7477845
"15","19",0.0000000,267400.6413676,30.1064169,267430.7477845
"15","16",0.0000000,267400.6413676,30.1064169,267430.7477845
"15","17",0.0000000,209354.0793801,416.3075177,209770.3868978
"15","22",0.0000000,209354.0793801,416.3075177,209770.3868978
"15","23",0.0000000,90500.0815406,0.0000000,90500.0815406
"15","20",0.0000000,90500.0815406,0.0000000,90500.0815406
"15","21",0.0000000,90500.0815406,0.0000000,90500.0815406
"15","26",0.0000000,90500.0815406,0.0000000,90500.0815406
"15","24",0.0000000,255996.2476269,109.5902272,256105.8378541
"15","25",0.0000000,325574.2775121,45.4767248,325619.7542370
"15","2",0.0000000,325574.2775121,45.4767248,325619.7542370
"15","3",0.0000000,296925.8559543,151.5558456,297077.4117999
"15","1",0.0000000,296925.8559543,151.5558456,297077.4117999
"15","6",0.0000000,223787.4215114,352.8446337,224140.2661451
"15","7",0.0000000,279745.5085352,0.0000000,279745.5085352
"15","4",0.0000000,279745.5085352,0.0000000,279745.5085352
"15","5",0.0000000,237531.4631324,427.1574403,237958.6205727
"15","10",0.0000000,237531.4631324,427.1574403,237958.6205727
"15","11",0.0000000,365055.8647325,0.0000000,365055.8647325
"15","8",0.0000000,307848.8347861,45.2610961,307894.0958822
"15","9",0.0000000,307848.8347861,45.2610961,307894.0958822
"15","14",0.0000000,207604.5084479,0.0000000,207604.5084479
"15","15",0.0000000,0.0000000,0.0000000,207604.5084479
"15","12",0.0000000,0.0000000,0.0000000,207604.5084479
"15","13",0.0000000,269970.3615537,24.8670046,269995.2285583
"12","18",0.0000000,269970.3615537,24.8670046,269995.2285583
"12","19",0.0000000,269970.3615537,24.8670046,269995.2285583
"12","16",0.0000000,269970.3615537,24.8670046,269995.2285583
"12","17",0.0000000,269970.3615537,24.8670046,269995.2285583
"12","22",0.0000000,269970.3615537,24.8670046,269995.2285583
"12","23",0.0000000,269970.3615537,24.8670046,269995.2285583
"12","20",0.0000000,269970.3615537,24.8670046,269995.2285583
"12","21",101.0375546,35406.1475369,236.5110302,35743.6961217
"12","26",101.0375546,35406.1475369,236.5110302,35743.6961217
"12","24",101.0375546,35406.1475369,236.5110302,35743.6961217
"12","25",101.0375546,35406.1475369,236.5110302,35743.6961217
"12","2",101.0375546,29222.6561784,0.0000000,29323.6937330
"12","3",101.0375546,29222.6561784,0.0000000,29323.6937330
"12","1",101.0375546,29222.6561784,0.0000000,29323.6937330
"12","6",101.0375546,29222.6561784,0.0000000,29323.6937330
"12","7",101.0375546,29222.6561784,0.0000000,29323.6937330
"12","4",101.0375546,29222.6561784,0.0000000,29323.6937330
"12","5",101.0375546,29222.6561784,0.0000000,29323.6937330
"12","10",101.0375546,29222.6561784,0.0000000,29323.6937330
"12","11",101.0375546,29222.6561784,0.0000000,29323.6937330
"12","8",101.0375546,29222.6561784,0.0000000,29323.6937330
"12","9",101.0375546,13371.3266649,0.0000000,13472.3642195
"12","14",101.0375546,13371.3266649,0.0000000,13472.3642195
"12","15",101.0375546,13371.3266649,0.0000000,13472.3642195
"12","12",101.0375546,0.0000000,0.0000000,13472.3642195
"12","13",101.0375546,0.0000000,0.0000000,13472.3642195
"13","18",24.8670046,57580.5490519,30.1064169,57635.5224734
"13","19",24.8670046,57580.5490519,30.1064169,57635.5224734
"13","16",24.8670046,57580.5490519,30.1064169,57635.5224734
"13","17",24.8670046,60616.2821736,416.3075177,61057.4566958
"13","22",24.8670046,60616.2821736,416.3075177,61057.4566958
"13","23",24.8670046,183105.3564725,0.0000000,183130.2234771
"13","20",24.8670046,183105.3564725,0.0000000,183130.2234771
"13","21",24.8670046,183105.3564725,0.0000000,183130.2234771
"13","26",24.8670046,183105.3564725,0.0000000,183130.2234771
"13","24",24.8670046,46176.1553113,109.5902272,46310.6125430
"13","25",24.8670046,63097.8528208,45.4767248,63168.1965502
"13","2",24.8670046,63097.8528208,45.4767248,63168.1965502
"13","3",24.8670046,34318.7728622,151.5558456,34495.1957124
"13","1",24.8670046,34318.7728622,151.5558456,34495.1957124
"13","6",24.8670046,200236.0996762,352.8446337,200613.8113145
"13","7",24.8670046,270465.2777658,0.0000000,270490.1447704
"13","4",24.8670046,270465.2777658,0.0000000,270490.1447704
"13","5",24.8670046,42803.8032821,427.1574403,43255.8277270
"13","10",24.8670046,42803.8032821,427.1574403,43255.8277270
"13","11",24.8670046,107219.4368465,0.0000000,107244.3038510
"13","8",24.8670046,45372.4100947,45.2610961,45442.5381954
"13","9",24.8670046,45372.4100947,45.2610961,45442.5381954
"13","14",24.8670046,145218.4201134,0.0000000,145243.2871180
"13","15",24.8670046,269970.3615537,0.0000000,269995.2285583
"13","12",24.8670046,269970.3615537,0.0000000,269995.2285583
"13","13",24.8670046,0.0000000,0.0000000,269995.2285583
